NSX, Description, New Price, Discount percent, Old Price, 
Diamond, Nước Hoa Nữ Diamond Femme 45ml (Trắng), 359.000 ₫, 35%, 549.000 ₫, 
Foellie, Nước Hoa Vùng Kín Foellie Hương Hoa Hồng Mạnh Mẽ 5ml, 144.000 ₫, 59%, 350.000 ₫, 
Diamond, Nước Hoa Nữ Diamond Femme Pink 45ml (Hồng), 299.000 ₫, 46%, 549.000 ₫, 
Diamond, Nước Hoa Nam Diamond Homme 45ml (Đen), 348.000 ₫, 37%, 549.000 ₫, 
Diamond, Nước Hoa Nữ Diamond Femme Ruby Red 45ml (Đỏ), 357.000 ₫, 35%, 549.000 ₫, 
Gennie, Nước Hoa Nữ Gennie Little Gold Dress 50ml, 143.000 ₫, 35%, 219.000 ₫, 
Gota, Nước Hoa Nam Gota Bouncy Eau de Parfum 50ml, 191.000 ₫, 35%, 296.000 ₫, 
Versace, Nước Hoa Nữ Versace Bright Crystal EDT 90ml, 1.691.000 ₫, 39%, 2.760.000 ₫, 
Foellie, Nước Hoa Vùng Kín Foellie Hương Trái Cây Ngọt Ngào 5ml, 179.000 ₫, 49%, 350.000 ₫, 
Gennie, Nước Hoa Nữ Gennie Little Black Dress 50ml, 163.000 ₫, 26%, 219.000 ₫, 
Malissa Kiss, Xịt Thơm Toàn Thân Malissa Kiss Hương Crazy in Love 88ml, 127.000 ₫, 25%, 169.000 ₫, 
Gennie, Combo Gennie Nước Hoa + Sữa Tắm Little Red Dress 50ml + 450ml, 189.000 ₫, 50%, 378.000 ₫, 
Marc Jacobs, Nước Hoa Nữ Marc Jacobs Daisy Intense EDP 50ml, 1.927.000 ₫, 40%, 3.190.000 ₫, 
De Memoria, Nước Hoa Nữ De Memoria EDP #05 Montpellier 30ml, 354.000 ₫, 36%, 550.000 ₫, 
De Memoria, Nước Hoa Nữ De Memoria #02 Val De Loire Hương Tươi Mát 30ml, 354.000 ₫, 36%, 550.000 ₫, 
Bodymiss, Xịt Thơm Toàn Thân Bodymiss Hương Stop & Stare 35ml, 55.000 ₫, 30%, 79.000 ₫, 
Gennie, Nước Hoa Nữ Gennie Little Red Dress 50ml, 164.000 ₫, 25%, 219.000 ₫, 
Gota, Nước Hoa Nam Gota Iconic Eau de Parfum 50ml, 222.000 ₫, 25%, 296.000 ₫, 
Gennie, Combo Gennie Nước Hoa + Sữa Tắm Little Gold Dress 50ml + 450ml, 189.000 ₫, 50%, 378.000 ₫, 
De Memoria, Nước Hoa Nữ De Memoria EDP #04 Dresden 30ml, 354.000 ₫, 36%, 550.000 ₫, 
Foellie, Nước Hoa Vùng Kín Foellie Hương Hoa Hồng Trắng 5ml, 160.000 ₫, 54%, 350.000 ₫, 
Diamond, Nước Hoa Nam Diamond Homme Dark Blue 45ml (Xanh), 398.000 ₫, 28%, 549.000 ₫, 
Gennie, Nước Hoa Nữ Gennie Little Rose Dress Bản Giới Hạn 50ml, 226.000 ₫, 35%, 349.000 ₫, 
Foellie, Nước Hoa Vùng Kín Foellie Hoa Đinh Hương Bản Giới Hạn 5ml, 189.000 ₫, 46%, 350.000 ₫, 
Versace, Nước Hoa Nữ Versace Bright Crystal Absolu EDP 90ml, 1.789.000 ₫, 39%, 2.915.000 ₫, 
Diamond, Nước Hoa Nam Diamond Homme Brown 45ml (Nâu), 408.000 ₫, 18%, 499.000 ₫, 
Moschino, Nước Hoa Nam Moschino Toy Boy EDP 50ml, 1.075.000 ₫, 41%, 1.837.000 ₫, 
Carolina Herrera, Nước Hoa Nữ Carolina Herrera Good Girl EDP 30ml, 1.809.000 ₫, 10%, 2.010.000 ₫, 
Malissa Kiss, Xịt Thơm Toàn Thân Malissa Kiss Hương Sweet Poison 88ml, 98.000 ₫, 42%, 169.000 ₫, 
Malissa Kiss, Xịt Thơm Toàn Thân Malissa Kiss Hương Adore You 88ml, 126.000 ₫, 25%, 169.000 ₫, 
Versace, Nước Hoa Nam Versace Pour Homme EDT 50ml, 1.443.000 ₫, 19%, 1.782.000 ₫, 
Laura Anne, Nước Hoa Nữ Laura Anne Allure For Her 50ml (Hồng), 149.000 ₫, 50%, 299.000 ₫, 
Lancôme, Nước Hoa Nữ Lancôme La Nuit Tresor EDP 75ml, 2.820.000 ₫, 9%, 3.100.000 ₫, 
Paco Rabanne, Nước Hoa Nam Paco Rabanne 1 Million Parfum EDP 100ml, 3.024.000 ₫, 10%, 3.360.000 ₫, 
Malissa Kiss, Xịt Thơm Toàn Thân Malissa Kiss Hương Nước Hoa Passion 88ml, 99.000 ₫, 41%, 169.000 ₫, 
Foellie, Nước Hoa Vùng Kín Foellie Hương Hoa Nhài Bản Giới Hạn 5ml, 160.000 ₫, 54%, 350.000 ₫, 
De Memoria, Nước Hoa Nữ De Memoria EDP #03 Granada 30ml, 354.000 ₫, 36%, 550.000 ₫, 
De Memoria, Nước Hoa Nữ De Memoria EDP #06 Grasse 30ml, 354.000 ₫, 36%, 550.000 ₫, 
Verites, Nước Hoa Nữ Verites After The Rain 50ml, 239.000 ₫, not available, not available, 
Versace, Nước Hoa Nữ Versace Pour Femme Dylan Blue EDP 100ml, 2.152.000 ₫, 35%, 3.311.000 ₫, 
Diamond, Nước Hoa Nữ Diamond Femme 45ml (Trắng), 359.000 ₫, 35%, 549.000 ₫, 
Foellie, Nước Hoa Vùng Kín Foellie Hương Hoa Hồng Mạnh Mẽ 5ml, 144.000 ₫, 59%, 350.000 ₫, 
Diamond, Nước Hoa Nữ Diamond Femme Pink 45ml (Hồng), 299.000 ₫, 46%, 549.000 ₫, 
Diamond, Nước Hoa Nam Diamond Homme 45ml (Đen), 348.000 ₫, 37%, 549.000 ₫, 
Diamond, Nước Hoa Nữ Diamond Femme Ruby Red 45ml (Đỏ), 357.000 ₫, 35%, 549.000 ₫, 
Gennie, Nước Hoa Nữ Gennie Little Gold Dress 50ml, 143.000 ₫, 35%, 219.000 ₫, 
Gota, Nước Hoa Nam Gota Bouncy Eau de Parfum 50ml, 191.000 ₫, 35%, 296.000 ₫, 
Versace, Nước Hoa Nữ Versace Bright Crystal EDT 90ml, 1.691.000 ₫, 39%, 2.760.000 ₫, 
Foellie, Nước Hoa Vùng Kín Foellie Hương Trái Cây Ngọt Ngào 5ml, 179.000 ₫, 49%, 350.000 ₫, 
Gennie, Nước Hoa Nữ Gennie Little Black Dress 50ml, 163.000 ₫, 26%, 219.000 ₫, 
Malissa Kiss, Xịt Thơm Toàn Thân Malissa Kiss Hương Crazy in Love 88ml, 127.000 ₫, 25%, 169.000 ₫, 
Gennie, Combo Gennie Nước Hoa + Sữa Tắm Little Red Dress 50ml + 450ml, 189.000 ₫, 50%, 378.000 ₫, 
Marc Jacobs, Nước Hoa Nữ Marc Jacobs Daisy Intense EDP 50ml, 1.927.000 ₫, 40%, 3.190.000 ₫, 
De Memoria, Nước Hoa Nữ De Memoria EDP #05 Montpellier 30ml, 354.000 ₫, 36%, 550.000 ₫, 
De Memoria, Nước Hoa Nữ De Memoria #02 Val De Loire Hương Tươi Mát 30ml, 354.000 ₫, 36%, 550.000 ₫, 
Malissa Kiss, Xịt Thơm Toàn Thân Malissa Kiss Hương Lost In Paradise 88ml, 118.000 ₫, 30%, 169.000 ₫, 
Malissa Kiss, Xịt Thơm Toàn Thân Malissa Kiss Hương Nước Hoa Delight 88ml, 118.000 ₫, 30%, 169.000 ₫, 
Malissa Kiss, Xịt Thơm Toàn Thân Malissa Kiss Hương Fresh Escape 88ml, 85.000 ₫, 50%, 169.000 ₫, 
Gota, Nước Hoa Nam Gota Urban Eau de Parfum 50ml, 236.000 ₫, 20%, 296.000 ₫, 
Malissa Kiss, Xịt Thơm Toàn Thân Malissa Kiss Sweet Vanilla Cotton 88ml, 118.000 ₫, 30%, 169.000 ₫, 
De Memoria, Nước Hoa Nữ De Memoria #01 Spello Hương Mê Hoặc 30ml, 354.000 ₫, 36%, 550.000 ₫, 
Foellie, Nước Hoa Vùng Kín Foellie Hương Gỗ Tươi Mát 5ml, 179.000 ₫, 17%, 215.000 ₫, 
Verites, Nước Hoa Nam Nữ Verites Siren 50ml, 239.000 ₫, not available, not available, 
Bodymiss, Xịt Thơm Toàn Thân Bodymiss Hương Funky Fresh 105ml, 108.000 ₫, 31%, 156.000 ₫, 
Nerman, Bộ 3 Chai Nước Hoa Nam Nerman 4000 10ml/chai, 424.000 ₫, 15%, 499.000 ₫, 
Silkygirl, Xịt Thơm Toàn Thân Và Tóc Silkygirl Hương Love Bloom 50ml, 98.000 ₫, 1%, 99.000 ₫, 
Malissa Kiss, Xịt Thơm Toàn Thân Malissa Kiss Hương Nước Hoa Charm 88ml, 118.000 ₫, 30%, 169.000 ₫, 
Foellie, Nước Hoa Vùng Kín Foellie Hương Hoa Anh Đào 5ml, 179.000 ₫, 49%, 350.000 ₫, 
Verites, Nước Hoa Nữ Verites Joie De Vivre 50ml, 239.000 ₫, not available, not available, 
Laura Anne, Nước Hoa Nam Laura Anne Mystic For Him 50ml (Đen), 218.000 ₫, 27%, 299.000 ₫, 
Loli & The Wolf, Nước Hoa Vùng Kín Nữ Loli And The Wolf Midnight Forest 8ml, 248.000 ₫, 17%, 300.000 ₫, 
Loli & The Wolf, Nước Hoa Vùng Kín Nam Loli & The Wolf Dark Monster 10ml, 248.000 ₫, 17%, 300.000 ₫, 
Bodymiss, Xịt Thơm Toàn Thân Bodymiss Hương Funky Fresh 35ml, 55.000 ₫, 30%, 79.000 ₫, 
Verites, Nước Hoa Nữ Verites Secretly Sexy 50ml, 239.000 ₫, not available, not available, 
Verites, Nước Hoa Nam Verites Savage Trail 50ml, 239.000 ₫, not available, not available, 
Silkygirl, Xịt Thơm Toàn Thân Và Tóc Silkygirl Hương Magic Dream 50ml, 98.000 ₫, 1%, 99.000 ₫, 
Bodymiss, Xịt Thơm Toàn Thân Bodymiss Hương Stop & Stare 105ml, 108.000 ₫, 31%, 156.000 ₫, 
Foellie, Nước Hoa Vùng Kín Foellie Hương Hoa Ngọc Lan Tây 5ml, 179.000 ₫, 49%, 350.000 ₫, 
Bodymiss, Xịt Thơm Toàn Thân Bodymiss Hương Blinded Love 35ml, 55.000 ₫, 30%, 79.000 ₫, 
Bodymiss, Xịt Thơm Toàn Thân Bodymiss Hương Hide & Seek 35ml, 55.000 ₫, 30%, 79.000 ₫, 
De Memoria, Nước Hoa Nam Nữ De Memoria EDP #09 Lampang 30ml, 354.000 ₫, 36%, 550.000 ₫, 
Foellie, Nước Hoa Vùng Kín Foellie Hương Dâu Tây Bản XO Giới Hạn 5ml, 179.000 ₫, 49%, 350.000 ₫, 
Bodymiss, Xịt Thơm Toàn Thân Bodymiss Hương Hide & Seek 105ml, 109.000 ₫, 30%, 156.000 ₫, 
Laura Anne, Nước Hoa Nam Laura Anne Allure For Him 50ml (Đỏ), 149.000 ₫, 50%, 299.000 ₫, 
Foellie, Nước Hoa Vùng Kín Foellie Hương Biển Thơm Mát 5ml, 179.000 ₫, 17%, 215.000 ₫, 
Bodymiss, Xịt Thơm Toàn Thân Bodymiss Hương Blinded Love 105ml, 106.000 ₫, 32%, 156.000 ₫, 
Malissa Kiss, Xịt Thơm Toàn Thân Malissa Kiss Hương Happy Sundae 88ml, 85.000 ₫, 50%, 169.000 ₫, 
Bodymiss, Xịt Thơm Toàn Thân Bodymiss Hương Care Free 35ml, 55.000 ₫, 30%, 79.000 ₫, 
De Memoria, Nước Hoa Nam Nữ De Memoria EDP #10 Jiufen 30ml, 354.000 ₫, 36%, 550.000 ₫, 
Bodymiss, Xịt Thơm Toàn Thân Bodymiss Hương Money Honey 105ml, 109.000 ₫, 30%, 156.000 ₫, 
Malissa Kiss, Xịt Thơm Toàn Thân Malissa Kiss Hương Call Me Maybe 88ml, 118.000 ₫, 30%, 169.000 ₫, 
Malissa Kiss, Xịt Thơm Toàn Thân Malissa Kiss Hương Nước Hoa Tender 88ml, 118.000 ₫, 30%, 169.000 ₫, 
Malissa Kiss, Xịt Thơm Toàn Thân Malissa Kiss Hương Cozy Beach 88ml, 85.000 ₫, 50%, 169.000 ₫, 
Gennie, Combo Gennie Nước Hoa + Sữa Tắm Little Black Dress 50ml + 450ml, 189.000 ₫, 50%, 378.000 ₫, 
Verites, Nước Hoa Nam Nữ Verites Santal Lab 50ml, 188.000 ₫, 21%, 239.000 ₫, 
Diamond, Nước Hoa Nữ Diamond Femme 45ml (Trắng), 359.000 ₫, 35%, 549.000 ₫, 
Foellie, Nước Hoa Vùng Kín Foellie Hương Hoa Hồng Mạnh Mẽ 5ml, 144.000 ₫, 59%, 350.000 ₫, 
Diamond, Nước Hoa Nữ Diamond Femme Pink 45ml (Hồng), 299.000 ₫, 46%, 549.000 ₫, 
Diamond, Nước Hoa Nam Diamond Homme 45ml (Đen), 348.000 ₫, 37%, 549.000 ₫, 
Diamond, Nước Hoa Nữ Diamond Femme Ruby Red 45ml (Đỏ), 357.000 ₫, 35%, 549.000 ₫, 
Gennie, Nước Hoa Nữ Gennie Little Gold Dress 50ml, 143.000 ₫, 35%, 219.000 ₫, 
Gota, Nước Hoa Nam Gota Bouncy Eau de Parfum 50ml, 191.000 ₫, 35%, 296.000 ₫, 
Versace, Nước Hoa Nữ Versace Bright Crystal EDT 90ml, 1.691.000 ₫, 39%, 2.760.000 ₫, 
Foellie, Nước Hoa Vùng Kín Foellie Hương Trái Cây Ngọt Ngào 5ml, 179.000 ₫, 49%, 350.000 ₫, 
Gennie, Nước Hoa Nữ Gennie Little Black Dress 50ml, 163.000 ₫, 26%, 219.000 ₫, 
Malissa Kiss, Xịt Thơm Toàn Thân Malissa Kiss Hương Crazy in Love 88ml, 127.000 ₫, 25%, 169.000 ₫, 
Gennie, Combo Gennie Nước Hoa + Sữa Tắm Little Red Dress 50ml + 450ml, 189.000 ₫, 50%, 378.000 ₫, 
Marc Jacobs, Nước Hoa Nữ Marc Jacobs Daisy Intense EDP 50ml, 1.927.000 ₫, 40%, 3.190.000 ₫, 
De Memoria, Nước Hoa Nữ De Memoria EDP #05 Montpellier 30ml, 354.000 ₫, 36%, 550.000 ₫, 
De Memoria, Nước Hoa Nữ De Memoria #02 Val De Loire Hương Tươi Mát 30ml, 354.000 ₫, 36%, 550.000 ₫, 
Malissa Kiss, Xịt Thơm Toàn Thân Malissa Kiss Hương Nước Hoa Fierce 88ml, 99.000 ₫, 41%, 169.000 ₫, 
Bodymiss, Xịt Thơm Toàn Thân Bodymiss Hương Money Honey 35ml, 55.000 ₫, 30%, 79.000 ₫, 
Silkygirl, Combo 2 Xịt Thơm Toàn Thân Và Tóc Silkygirl Hương Love Bloom + Floral Blush 50ml, 149.000 ₫, 15%, 176.000 ₫, 
Calvin Klein, [Mini] Nước Hoa Nam Calvin Klein Defy For Men EDT 10ml, 380.000 ₫, not available, not available, 
Gennie, Nước Hoa Nữ Gennie Little Rose Dress Bản Giới Hạn 10ml, 99.000 ₫, 45%, 179.000 ₫, 
De Memoria, Nước Hoa Nữ De Memoria EDP #07 Hoian 30ml, 354.000 ₫, 36%, 550.000 ₫, 
Verites, Nước Hoa Nữ Verites Beach Bomb Nhẹ Nhàng, 289.000 ₫, not available, not available, 
Verites, Nước Hoa Nam Verites De Club Cuốn Hút, 289.000 ₫, not available, not available, 
Silkygirl, Combo 2 Xịt Thơm Toàn Thân Và Tóc Silkygirl Hương Magic Dream + Love Bloom 50ml, 149.000 ₫, 25%, 198.000 ₫, 
Silkygirl, Xịt Thơm Toàn Thân Và Tóc Silkygirl Hương Floral Blush 50ml, 98.000 ₫, 1%, 99.000 ₫, 
Verites, Nước Hoa Unisex Verites Chasing Cloud Tươi Mới 50ml, 289.000 ₫, not available, not available, 
Silkygirl, Nước Hoa Nữ Silkygirl 2 Đầu 4 Hương 02 Love 5mlx2, 110.000 ₫, 7%, 118.000 ₫, 
Laura Anne, Nước Hoa Nữ Laura Anne Mystic For Her 50ml (Xám), 187.000 ₫, 37%, 299.000 ₫, 
Laura Anne, Nước Hoa Nam Laura Anne Dynamic For Him 50ml (Xanh), 223.000 ₫, 25%, 299.000 ₫, 
Malissa Kiss, Xịt Thơm Toàn Thân Malissa Kiss Hương Nước Hoa Desire 88ml, 126.000 ₫, 25%, 169.000 ₫, 
Malissa Kiss, Xịt Thơm Toàn Thân Malissa Kiss Hương Nước Hoa Sweetie 88ml, 126.000 ₫, 25%, 169.000 ₫, 
Malissa Kiss, Xịt Thơm Toàn Thân Malissa Kiss Hương Nước Hoa Hottie 88ml, 99.000 ₫, 41%, 169.000 ₫, 
Silkygirl, Combo 2 Xịt Thơm Toàn Thân Và Tóc Silkygirl Hương Magic Dream + Floral Blush 50ml, 149.000 ₫, 25%, 198.000 ₫, 
De Memoria, Nước Hoa Nam De Memoria EDP #12 Bagan 30ml, 369.000 ₫, 33%, 550.000 ₫, 
Silkygirl, Nước Hoa Nữ Silkygirl 2 Đầu 4 Hương 03 Joyful 5mlx2, 110.000 ₫, 7%, 118.000 ₫, 
TOMMY, Nước Hoa Nam TOMMY Cologne EDT 30ml, 899.000 ₫, 34%, 1.360.000 ₫, 
TOMMY, Nước Hoa Nam Tommy Impact Intense EDP 50ml, 2.250.000 ₫, not available, not available, 
Carolina Herrera, Nước Hoa Nữ Carolina Herrera Very Good Girl Glam EDP 80ml, 3.933.000 ₫, 10%, 4.370.000 ₫, 
Carolina Herrera, Nước Hoa Nữ Carolina Herrera Very Good Girl EDP 30ml, 1.846.000 ₫, 16%, 2.200.000 ₫, 
TOMMY, Nước Hoa Nữ Tommy Now Girl EDT 30ml, 1.360.000 ₫, not available, not available, 
TOMMY, Nước Hoa Nam Tommy Now EDT 30ml, 1.360.000 ₫, not available, not available, 
Silkygirl, Nước Hoa Nữ Silkygirl 2 Đầu 4 Hương 01 Star 5mlx2, 110.000 ₫, 7%, 118.000 ₫, 
TOMMY, Nước Hoa Nữ Tommy Girl Cologne EDT 30ml, 839.000 ₫, 38%, 1.360.000 ₫, 
TOMMY, Nước Hoa Nam Tommy Impact EDT 50ml, 2.130.000 ₫, not available, not available, 
Laura Anne, Nước Hoa Nữ Laura Anne Dynamic For Her 50ml (Xanh), 193.000 ₫, 35%, 299.000 ₫, 
Versace, Nước Hoa Nam Versace Pour Homme Dylan Blue EDT 100ml, 1.815.000 ₫, 25%, 2.420.000 ₫, 
De Memoria, Nước Hoa Nam Nữ De Memoria EDP #11 Tai O 30ml, 354.000 ₫, 36%, 550.000 ₫, 
Moschino, Nước Hoa Nữ Moschino Toy 2 EDP 100ml, 1.540.000 ₫, 37%, 2.442.000 ₫, 
Jean Paul Gaultier, Nước Hoa Nữ Jean Paul Gaultier Scandal EDP 30ml, 1.890.000 ₫, 10%, 2.100.000 ₫, 
Chloé, Nước Hoa Nữ Chloé Nomade Eau De Parfum 75ml, 2.932.000 ₫, 32%, 4.290.000 ₫, 
Moschino, Nước Hoa Nam Moschino Toy Boy EDP 100ml, 2.255.000 ₫, not available, not available, 
Chloé, Nước Hoa Nữ Chloé L'Eau Eau De Toilette 100ml, 2.835.000 ₫, 31%, 4.130.000 ₫, 
Versace, Nước Hoa Nam Versace Pour Homme Eau De Toilette 100ml, 1.544.000 ₫, 35%, 2.376.000 ₫, 
Burberry, Nước Hoa Nữ Burberry Her Blossom EDT 100ml, 2.703.000 ₫, 33%, 4.030.000 ₫, 
Salvatore Ferragamo, Nước Hoa Nữ Signorina Misteriosa 100ml, 1.820.000 ₫, 22%, 2.330.000 ₫, 
Diamond, Nước Hoa Nữ Diamond Femme 45ml (Trắng), 359.000 ₫, 35%, 549.000 ₫, 
Foellie, Nước Hoa Vùng Kín Foellie Hương Hoa Hồng Mạnh Mẽ 5ml, 144.000 ₫, 59%, 350.000 ₫, 
Diamond, Nước Hoa Nữ Diamond Femme Pink 45ml (Hồng), 299.000 ₫, 46%, 549.000 ₫, 
Diamond, Nước Hoa Nam Diamond Homme 45ml (Đen), 348.000 ₫, 37%, 549.000 ₫, 
Diamond, Nước Hoa Nữ Diamond Femme Ruby Red 45ml (Đỏ), 357.000 ₫, 35%, 549.000 ₫, 
Gennie, Nước Hoa Nữ Gennie Little Gold Dress 50ml, 143.000 ₫, 35%, 219.000 ₫, 
Gota, Nước Hoa Nam Gota Bouncy Eau de Parfum 50ml, 191.000 ₫, 35%, 296.000 ₫, 
Versace, Nước Hoa Nữ Versace Bright Crystal EDT 90ml, 1.691.000 ₫, 39%, 2.760.000 ₫, 
Foellie, Nước Hoa Vùng Kín Foellie Hương Trái Cây Ngọt Ngào 5ml, 179.000 ₫, 49%, 350.000 ₫, 
Gennie, Nước Hoa Nữ Gennie Little Black Dress 50ml, 163.000 ₫, 26%, 219.000 ₫, 
Malissa Kiss, Xịt Thơm Toàn Thân Malissa Kiss Hương Crazy in Love 88ml, 127.000 ₫, 25%, 169.000 ₫, 
Gennie, Combo Gennie Nước Hoa + Sữa Tắm Little Red Dress 50ml + 450ml, 189.000 ₫, 50%, 378.000 ₫, 
Marc Jacobs, Nước Hoa Nữ Marc Jacobs Daisy Intense EDP 50ml, 1.927.000 ₫, 40%, 3.190.000 ₫, 
De Memoria, Nước Hoa Nữ De Memoria EDP #05 Montpellier 30ml, 354.000 ₫, 36%, 550.000 ₫, 
De Memoria, Nước Hoa Nữ De Memoria #02 Val De Loire Hương Tươi Mát 30ml, 354.000 ₫, 36%, 550.000 ₫, 
LACOSTE, Nước Hoa Nam Lacoste Match Point EDT 100ml, 1.788.000 ₫, 40%, 2.970.000 ₫, 
Marc Jacobs, Nước Hoa Nữ Marc Jacobs Perfect EDP 100ml, 2.589.000 ₫, 37%, 4.110.000 ₫, 
Bodymiss, [HSD 03/2024] Xịt Thơm Toàn Thân Bodymiss Hương Blinded Love 35ml, 44.000 ₫, not available, not available, 
Versace, Nước Hoa Nữ Versace Yellow Diamond EDT 90ml, 1.989.000 ₫, 26%, 2.706.000 ₫, 
Salvatore Ferragamo, Nước Hoa Nữ Salvatore Ferragamo Signorina Ribelle EDP 100ml, 1.800.000 ₫, 44%, 3.223.000 ₫, 
Silkygirl, Combo Nước Hoa 2 Đầu Silkygirl Hương 02 Love + 03 Joyful, 212.000 ₫, 10%, 236.000 ₫, 
Verites, Nước Hoa Nữ Verites Starstruck Ngọt Ngào, 289.000 ₫, not available, not available, 
Burberry, Nước Hoa Nữ Burberry Her EDP 100ml, 2.967.000 ₫, 41%, 4.990.000 ₫, 
Versace, Nước Hoa Nam Versace Man Eau Fraiche EDT 100ml, 1.862.000 ₫, 19%, 2.299.000 ₫, 
Bodymiss, [HSD 03/2024] Xịt Thơm Toàn Thân Bodymiss Hương Funky Fresh 105ml, 87.000 ₫, 44%, 156.000 ₫, 
Marc Jacobs, Nước Hoa Nữ Marc Jacobs Daisy Intense EDP 30ml, 1.264.000 ₫, 45%, 2.290.000 ₫, 
X-Men, Xịt Nước Hoa Hằng Ngày X-Men Hương Tươi Mát 50ml, 99.000 ₫, 6%, 105.000 ₫, 
Calvin Klein, Nước Hoa Nam Calvin Klein Euphoria For Men EDT 100ml, 1.677.000 ₫, 40%, 2.780.000 ₫, 
Malissa Kiss, [HSD 07/2024] Xịt Thơm Toàn Thân Malissa Kiss Hương Cozy Beach 88ml, 68.000 ₫, 52%, 142.000 ₫, 
Chloé, [Mini] Nước Hoa Nữ Chloe Eau De Parfum 5ml, 190.000 ₫, 46%, 350.000 ₫, 
Malissa Kiss, Combo Malissa Kiss Dưỡng Thể & Xịt Thơm Sweet Vanilla Cotton, 304.000 ₫, 10%, 338.000 ₫, 
Lancôme, Nước Hoa Nữ Lancôme La Vie Est Belle Bản Giới Hạn OUI 50ml, 2.239.000 ₫, 17%, 2.700.000 ₫, 
Burberry, [Mini] Nước Hoa Nữ Burberry Her Blossom EDT 1.5ml, 68.000 ₫, 1%, 69.000 ₫, 
Malissa Kiss, Combo Malissa Kiss Dưỡng Thể & Xịt Thơm Happy Sundae, 304.000 ₫, 10%, 338.000 ₫, 
Chloé, Nước Hoa Nữ Chloé Eau De Parfum 75ml, 2.843.000 ₫, 34%, 4.290.000 ₫, 
Hugo Boss, Nước Hoa Nam HUGO BOSS Bottled Night EDT 100ml, 1.790.000 ₫, 30%, 2.560.000 ₫, 
Marc Jacobs, Nước Hoa Nữ Marc Jacobs Daisy EDT 100ml, 2.249.000 ₫, 37%, 3.570.000 ₫, 
Burberry, Nước Hoa Nam Mr.Burberry Indigo EDT 50ml, 1.509.000 ₫, 31%, 2.180.000 ₫, 
Salvatore Ferragamo, Nước Hoa Nữ Salvatore Ferragamo Signorina Misteriosa EDP 50ml, 1.320.000 ₫, 44%, 2.354.000 ₫, 
Calvin Klein, Nước Hoa Nam Calvin Klein Free Eau De Toilette 50ml, 983.000 ₫, 48%, 1.880.000 ₫, 
Versace, Nước Hoa Nam Versace Eros EDP 100ml, 1.930.000 ₫, 30%, 2.761.000 ₫, 
Lancôme, [Mini] Nước Hoa Nữ Lancôme La Vie Est Belle EDP 10ml, 550.000 ₫, not available, not available, 
Versace, Nước Hoa Nam Versace Eros Flame EDP 100ml, 2.236.000 ₫, 19%, 2.761.000 ₫, 
Chloé, [HSD 09/2024] Nước Hoa Nữ Chloé Eau De Parfum 75ml, 2.162.000 ₫, 50%, 4.290.000 ₫, 
Calvin Klein, Nước Hoa Nam Calvin Klein Eternity Aqua EDT 100ml, 1.422.000 ₫, 45%, 2.580.000 ₫, 
Versace, Nước Hoa Nữ Versace Bright Crystal EDT 50ml, 1.190.000 ₫, 59%, 2.905.000 ₫, 
Hugo Boss, Nước Hoa Nam Hugo Boss Bottled Eau De Parfum 50ml, 1.544.000 ₫, 35%, 2.360.000 ₫, 
Verites, Nước Hoa Nữ Verites Her Summer Nữ Tính, 289.000 ₫, not available, not available, 
Hugo Boss, [HSD 03/2024] Nước Hoa Nữ Hugo Boss The Scent EDP 100ml, 999.000 ₫, 73%, 3.710.000 ₫, 
Laura Anne, [HSD 04/2024] Nước Hoa Nữ Laura Anne Dynamic For Her 50ml (Xanh), 89.000 ₫, 35%, 136.000 ₫, 
Hugo Boss, Nước Hoa Nữ Hugo Boss The Scent EDP 100ml, 2.496.000 ₫, 33%, 3.710.000 ₫, 
Malissa Kiss, Combo Malissa Kiss Dưỡng Thể & Xịt Thơm Cozy Beach, 304.000 ₫, 10%, 338.000 ₫, 
De Memoria, [HSD 06/2024] Nước Hoa Nữ De Memoria #03 Granada Hương Quyến Rũ 30ml, 185.000 ₫, 66%, 550.000 ₫, 
Diamond, Nước Hoa Nữ Diamond Femme 45ml (Trắng), 359.000 ₫, 35%, 549.000 ₫, 
Foellie, Nước Hoa Vùng Kín Foellie Hương Hoa Hồng Mạnh Mẽ 5ml, 144.000 ₫, 59%, 350.000 ₫, 
Diamond, Nước Hoa Nữ Diamond Femme Pink 45ml (Hồng), 299.000 ₫, 46%, 549.000 ₫, 
Diamond, Nước Hoa Nam Diamond Homme 45ml (Đen), 348.000 ₫, 37%, 549.000 ₫, 
Diamond, Nước Hoa Nữ Diamond Femme Ruby Red 45ml (Đỏ), 357.000 ₫, 35%, 549.000 ₫, 
Gennie, Nước Hoa Nữ Gennie Little Gold Dress 50ml, 143.000 ₫, 35%, 219.000 ₫, 
Gota, Nước Hoa Nam Gota Bouncy Eau de Parfum 50ml, 191.000 ₫, 35%, 296.000 ₫, 
Versace, Nước Hoa Nữ Versace Bright Crystal EDT 90ml, 1.691.000 ₫, 39%, 2.760.000 ₫, 
Foellie, Nước Hoa Vùng Kín Foellie Hương Trái Cây Ngọt Ngào 5ml, 179.000 ₫, 49%, 350.000 ₫, 
Gennie, Nước Hoa Nữ Gennie Little Black Dress 50ml, 163.000 ₫, 26%, 219.000 ₫, 
Malissa Kiss, Xịt Thơm Toàn Thân Malissa Kiss Hương Crazy in Love 88ml, 127.000 ₫, 25%, 169.000 ₫, 
Gennie, Combo Gennie Nước Hoa + Sữa Tắm Little Red Dress 50ml + 450ml, 189.000 ₫, 50%, 378.000 ₫, 
Marc Jacobs, Nước Hoa Nữ Marc Jacobs Daisy Intense EDP 50ml, 1.927.000 ₫, 40%, 3.190.000 ₫, 
De Memoria, Nước Hoa Nữ De Memoria EDP #05 Montpellier 30ml, 354.000 ₫, 36%, 550.000 ₫, 
De Memoria, Nước Hoa Nữ De Memoria #02 Val De Loire Hương Tươi Mát 30ml, 354.000 ₫, 36%, 550.000 ₫, 
